{"payload":{"fileName":"/Users/catherinebreen/code/Chapter1/PoleSegmentation/main.py","local_timestamp":1679823984529},"type":"ws_msg"}
{"payload":{"additional_params":{"assetId":"3de40794df4b45729415f2e7fa39fa76","context":null,"extension":"py","fileName":"/Users/catherinebreen/miniconda3/envs/cv4e/lib/python3.8/site-packages/lightning_fabric/loggers/logger.py","overwrite":false,"runId":"NfwJvjcuoAldN769itdknjBbP","step":null,"type":"source_code"},"clean":true,"file_path":"tmpnfyfwrm4","local_timestamp":1679823984706,"metadata":{"source_code_type":"experiment_creation"},"upload_type":"source_code"},"type":"file_upload"}
{"payload":{"additional_params":{"assetId":"45016744716e492c9dfd658b2a7ed638","context":null,"extension":"py","fileName":"main.py","overwrite":false,"runId":"NfwJvjcuoAldN769itdknjBbP","step":null,"type":"source_code"},"clean":true,"file_path":"tmpft7upste","local_timestamp":1679823984707,"metadata":{"source_code_type":"python_script_name"},"upload_type":"source_code"},"type":"file_upload"}
{"payload":{"installed_packages":["absl-py==1.4.0","aiohttp==3.8.4","aiosignal==1.3.1","albumentations==1.2.1","anyio==3.6.2","appnope==0.1.2","argon2-cffi-bindings==21.2.0","argon2-cffi==21.3.0","arrow==1.2.3","asttokens==2.0.5","async-timeout==4.0.2","attrs==22.2.0","azure-core==1.26.0","azure-storage-blob==12.14.0","backcall==0.2.0","beautifulsoup4==4.11.1","bleach==5.0.1","blessings==1.7","boto3==1.26.89","botocore==1.29.89","cachetools==5.3.0","certifi==2022.12.7","cffi==1.15.1","cftime==1.6.2","charset-normalizer==2.1.1","click==8.1.3","comet-ml==3.32.3","configobj==5.0.8","cryptography==38.0.1","cycler==0.11.0","debugpy==1.5.1","decorator==5.1.1","deeplake==3.2.15","defusedxml==0.7.1","dill==0.3.6","docopt==0.6.2","dulwich==0.21.3","ee==0.2","entrypoints==0.4","everett==3.1.0","executing==0.8.3","exif==1.6.0","fastjsonschema==2.16.2","fonttools==4.37.1","fqdn==1.5.1","frozenlist==1.3.3","fsspec==2023.3.0","google-auth-oauthlib==0.4.6","google-auth==2.16.2","grpcio==1.51.3","hub==3.0.1","humbug==0.2.8","idna==3.3","imageio==2.21.2","importlib-metadata==6.0.0","importlib-resources==5.10.2","ipdb==0.13.9","ipykernel==6.9.1","ipython-genutils==0.2.0","ipython==8.4.0","ipywidgets==8.0.4","isodate==0.6.1","isoduration==20.11.0","jedi==0.18.1","jinja2==3.1.2","jmespath==1.0.1","joblib==1.1.0","jsonpointer==2.3","jsonschema==4.17.3","jupyter-client==7.4.9","jupyter-console==6.4.4","jupyter-core==5.1.3","jupyter-events==0.6.3","jupyter-server-terminals==0.4.4","jupyter-server==2.1.0","jupyter==1.0.0","jupyterlab-pygments==0.2.2","jupyterlab-widgets==3.0.5","kiwisolver==1.4.4","lightning-utilities==0.7.1","markdown==3.4.1","markupsafe==2.1.1","matplotlib-inline==0.1.2","matplotlib==3.5.3","mistune==2.0.4","msrest==0.7.1","multidict==6.0.4","multiprocess==0.70.14","munch==2.5.0","nbclassic==0.4.8","nbclient==0.7.2","nbconvert==7.2.8","nbformat==5.7.3","nest-asyncio==1.5.5","netcdf4==1.6.1","networkx==2.8.6","notebook-shim==0.2.2","notebook==6.5.2","numcodecs==0.11.0","numpy==1.23.2","oauthlib==3.2.1","opencv-python-headless==4.6.0.66","opencv-python==4.6.0.66","packaging==21.3","pandas==1.4.3","pandocfilters==1.5.0","parso==0.8.3","pathos==0.3.0","pexpect==4.8.0","pickleshare==0.7.5","pillow==9.2.0","pip==22.1.2","pkgutil-resolve-name==1.3.10","platformdirs==2.6.2","plum-py==0.8.5","pox==0.3.2","ppft==1.7.6.6","pretrainedmodels==0.7.4","prometheus-client==0.15.0","prompt-toolkit==3.0.20","protobuf==4.22.1","ptyprocess==0.7.0","pure-eval==0.2.2","pyasn1-modules==0.2.8","pyasn1==0.4.8","pycparser==2.21","pydap==3.2.2","pyexiftool==0.5.5","pygments==2.11.2","pyjwt==2.6.0","pyparsing==3.0.9","pyrsistent==0.19.3","python-box==6.1.0","python-dateutil==2.8.2","python-json-logger==2.0.4","pytorch-lightning==1.9.4","pytz==2022.2.1","pywavelets==1.3.0","pyyaml==6.0","pyzmq==25.0.0","qtconsole==5.4.0","qtpy==2.3.0","qudida==0.0.4","requests-oauthlib==1.3.1","requests-toolbelt==0.10.1","requests==2.28.1","rfc3339-validator==0.1.4","rfc3986-validator==0.1.1","rsa==4.9","s3transfer==0.6.0","scikit-image==0.19.3","scikit-learn==1.1.2","scipy==1.9.1","semantic-version==2.10.0","send2trash==1.8.0","sentry-sdk==1.16.0","setuptools==63.4.1","simplejson==3.18.3","six==1.16.0","sniffio==1.3.0","soupsieve==2.3.2.post1","stack-data==0.2.0","tensorboard-data-server==0.7.0","tensorboard-plugin-wit==1.8.1","tensorboard==2.12.0","terminado==0.17.1","threadpoolctl==3.1.0","tifffile==2022.8.12","tinycss2==1.2.1","toml==0.10.2","torch==1.12.1","torchmetrics==0.11.3","torchvision==0.13.1","tornado==6.2","tqdm==4.64.1","traitlets==5.8.1","typer==0.7.0","typing-extensions==4.3.0","uri-template==1.2.0","urllib3==1.26.12","wcwidth==0.2.5","webcolors==1.12","webencodings==0.5.1","webob==1.8.7","websocket-client==1.3.3","werkzeug==2.2.3","wheel==0.37.1","widgetsnbextension==4.0.5","wrapt==1.15.0","wurlitzer==3.0.3","xarray==2022.10.0","xtarfile==0.1.0","yarl==1.8.2","zipp==3.11.0"],"local_timestamp":1679823984708},"type":"ws_msg"}
{"payload":{"env_details":{"command":["main.py","--config","./configs/snowpole_plain_030923.yaml","--gpus","-1","--logger-type","comet","--session","0"],"env":null,"hostname":"Catherines-MacBook-Pro-4.local","ip":"192.168.100.23","machine":"arm64","os":"macOS-13.0.1-arm64-arm-64bit","os_release":"22.1.0","os_type":"Darwin","pid":14236,"processor":"arm","python_exe":"/Users/catherinebreen/miniconda3/envs/cv4e/bin/python","python_version":"3.8.13","python_version_verbose":"3.8.13 (default, Mar 28 2022, 06:13:39) \n[Clang 12.0.0 ]","user":"catherinebreen"},"local_timestamp":1679823984724},"type":"ws_msg"}
{"payload":{"local_timestamp":1679823984725,"param":{"paramName":"config","paramValue":"./configs/snowpole_plain_030923.yaml","source":"cli","step":null}},"type":"parameter_msg"}
{"payload":{"local_timestamp":1679823984725,"param":{"paramName":"gpus","paramValue":true,"source":"cli","step":null}},"type":"parameter_msg"}
{"payload":{"local_timestamp":1679823984725,"param":{"paramName":"1","paramValue":true,"source":"cli","step":null}},"type":"parameter_msg"}
{"payload":{"local_timestamp":1679823984725,"param":{"paramName":"logger-type","paramValue":"comet","source":"cli","step":null}},"type":"parameter_msg"}
{"payload":{"local_timestamp":1679823984725,"param":{"paramName":"session","paramValue":0,"source":"cli","step":null}},"type":"parameter_msg"}
{"payload":{"git_meta":{"branch":"refs/heads/main","origin":"https://github.com/zhmiao/GeneralSegmentation.git","parent":"5f92e703f299ab2afbf125daae22ca4cdd84ea0e","repo_name":"GeneralSegmentation","root":"8600fb410d40b45c0ba09c63ee13aed2ffa72c90","status":null,"user":"CMB"},"local_timestamp":1679823984755},"type":"ws_msg"}
{"payload":{"additional_params":null,"clean":true,"file_path":"tmpnay6hnml..zip","local_timestamp":1679823984779,"metadata":{},"upload_type":"git-patch"},"type":"file_upload"}
{"payload":{"additional_params":{"assetId":"bd93b45846714fe3a244a3d77ffccc23","context":null,"epoch":null,"extension":"yml","fileName":"conda-environment.yml","overwrite":false,"runId":"NfwJvjcuoAldN769itdknjBbP","step":null,"type":"conda-environment-definition"},"clean":true,"file_path":"tmpnno4wa8z","local_timestamp":1679823986493,"metadata":{},"upload_type":"conda-environment-definition"},"type":"file_upload"}
{"payload":{"additional_params":{"assetId":"fdb8f9b196e84993b2cc88afba691d07","context":null,"epoch":null,"extension":"txt","fileName":"conda-spec.txt","overwrite":false,"runId":"NfwJvjcuoAldN769itdknjBbP","step":null,"type":"conda-specification"},"clean":true,"file_path":"tmp9vfcap4s","local_timestamp":1679823986734,"metadata":{},"upload_type":"conda-specification"},"type":"file_upload"}
{"payload":{"additional_params":{"assetId":"c86edf6a82264244a50971a385108903","context":null,"epoch":null,"extension":"yml","fileName":"conda-info.yml","overwrite":false,"runId":"NfwJvjcuoAldN769itdknjBbP","step":null,"type":"conda-info"},"clean":true,"file_path":"tmpdzk6kvfl","local_timestamp":1679823986936,"metadata":{},"upload_type":"conda-info"},"type":"file_upload"}
{"payload":{"local_timestamp":1679823998060,"stderr":true,"stdout":"COMET INFO: Experiment is live on comet.com https://www.comet.com/catherine-m-breen/snowpoles-test/c4659171cd3247248806327b02f1ae3d\n\n"},"type":"ws_msg"}
{"payload":{"local_timestamp":1679823998061,"log_other":{"key":"Created from","val":"pytorch-lightning"}},"type":"ws_msg"}
{"payload":{"local_timestamp":1679823998061,"log_other":{"key":"Name","val":"Plain_snowpole_plain_030923_0"}},"type":"ws_msg"}
{"payload":{"local_timestamp":1679823998061,"param":{"paramName":"algorithm","paramValue":"Plain","source":"manual","step":null}},"type":"parameter_msg"}
{"payload":{"local_timestamp":1679823998061,"param":{"paramName":"batch_size","paramValue":2,"source":"manual","step":null}},"type":"parameter_msg"}
{"payload":{"local_timestamp":1679823998061,"param":{"paramName":"comet_api","paramValue":"crD0w5pAk59gNUJ88yfNuMo5F","source":"manual","step":null}},"type":"parameter_msg"}
{"payload":{"local_timestamp":1679823998061,"param":{"paramName":"conf_id","paramValue":"snowpole_plain_030923","source":"manual","step":null}},"type":"parameter_msg"}
{"payload":{"local_timestamp":1679823998061,"param":{"paramName":"dataset_name","paramValue":"SNOWPOLES","source":"manual","step":null}},"type":"parameter_msg"}
{"payload":{"local_timestamp":1679823998062,"param":{"paramName":"dataset_root","paramValue":"/Users/catherinebreen/Documents/Chapter 1/segmentationModel/sample/","source":"manual","step":null}},"type":"parameter_msg"}
{"payload":{"local_timestamp":1679823998062,"param":{"paramName":"gamma","paramValue":0.1,"source":"manual","step":null}},"type":"parameter_msg"}
{"payload":{"local_timestamp":1679823998062,"param":{"paramName":"log_interval","paramValue":2,"source":"manual","step":null}},"type":"parameter_msg"}
{"payload":{"local_timestamp":1679823998062,"param":{"paramName":"lr_classifier","paramValue":0.01,"source":"manual","step":null}},"type":"parameter_msg"}
{"payload":{"local_timestamp":1679823998062,"param":{"paramName":"lr_feature","paramValue":0.001,"source":"manual","step":null}},"type":"parameter_msg"}
{"payload":{"local_timestamp":1679823998062,"param":{"paramName":"model_name","paramValue":"DeepLabV3_ResNet50","source":"manual","step":null}},"type":"parameter_msg"}
{"payload":{"local_timestamp":1679823998062,"param":{"paramName":"momentum_classifier","paramValue":0.9,"source":"manual","step":null}},"type":"parameter_msg"}
{"payload":{"local_timestamp":1679823998062,"param":{"paramName":"momentum_feature","paramValue":0.9,"source":"manual","step":null}},"type":"parameter_msg"}
{"payload":{"local_timestamp":1679823998062,"param":{"paramName":"num_classes","paramValue":2,"source":"manual","step":null}},"type":"parameter_msg"}
{"payload":{"local_timestamp":1679823998062,"param":{"paramName":"num_iters","paramValue":100,"source":"manual","step":null}},"type":"parameter_msg"}
{"payload":{"local_timestamp":1679823998062,"param":{"paramName":"num_layers","paramValue":50,"source":"manual","step":null}},"type":"parameter_msg"}
{"payload":{"local_timestamp":1679823998062,"param":{"paramName":"num_workers","paramValue":3,"source":"manual","step":null}},"type":"parameter_msg"}
{"payload":{"local_timestamp":1679823998062,"param":{"paramName":"output_stride","paramValue":16,"source":"manual","step":null}},"type":"parameter_msg"}
{"payload":{"local_timestamp":1679823998063,"param":{"paramName":"parallel","paramValue":0,"source":"manual","step":null}},"type":"parameter_msg"}
{"payload":{"local_timestamp":1679823998063,"param":{"paramName":"step_size","paramValue":10000,"source":"manual","step":null}},"type":"parameter_msg"}
{"payload":{"local_timestamp":1679823998063,"param":{"paramName":"weight_decay_classifier","paramValue":0.0004,"source":"manual","step":null}},"type":"parameter_msg"}
{"payload":{"local_timestamp":1679823998063,"param":{"paramName":"weight_decay_feature","paramValue":0.0004,"source":"manual","step":null}},"type":"parameter_msg"}
{"payload":{"local_timestamp":1679823998063,"param":{"paramName":"weights_init","paramValue":"ImageNet","source":"manual","step":null}},"type":"parameter_msg"}
{"payload":{"graph":"Plain(\n  (net): DeepLabV3_ResNet50(\n    (feature): IntermediateLayerGetter(\n      (conv1): Conv2d(3, 64, kernel_size=(7, 7), stride=(2, 2), padding=(3, 3), bias=False)\n      (bn1): BatchNorm2d(64, eps=1e-05, momentum=0.01, affine=True, track_running_stats=True)\n      (relu): ReLU(inplace=True)\n      (maxpool): MaxPool2d(kernel_size=3, stride=2, padding=1, dilation=1, ceil_mode=False)\n      (layer1): Sequential(\n        (0): Bottleneck(\n          (conv1): Conv2d(64, 64, kernel_size=(1, 1), stride=(1, 1), bias=False)\n          (bn1): BatchNorm2d(64, eps=1e-05, momentum=0.01, affine=True, track_running_stats=True)\n          (conv2): Conv2d(64, 64, kernel_size=(3, 3), stride=(1, 1), padding=(1, 1), bias=False)\n          (bn2): BatchNorm2d(64, eps=1e-05, momentum=0.01, affine=True, track_running_stats=True)\n          (conv3): Conv2d(64, 256, kernel_size=(1, 1), stride=(1, 1), bias=False)\n          (bn3): BatchNorm2d(256, eps=1e-05, momentum=0.01, affine=True, track_running_stats=True)\n          (relu): ReLU(inplace=True)\n          (downsample): Sequential(\n            (0): Conv2d(64, 256, kernel_size=(1, 1), stride=(1, 1), bias=False)\n            (1): BatchNorm2d(256, eps=1e-05, momentum=0.01, affine=True, track_running_stats=True)\n          )\n        )\n        (1): Bottleneck(\n          (conv1): Conv2d(256, 64, kernel_size=(1, 1), stride=(1, 1), bias=False)\n          (bn1): BatchNorm2d(64, eps=1e-05, momentum=0.01, affine=True, track_running_stats=True)\n          (conv2): Conv2d(64, 64, kernel_size=(3, 3), stride=(1, 1), padding=(1, 1), bias=False)\n          (bn2): BatchNorm2d(64, eps=1e-05, momentum=0.01, affine=True, track_running_stats=True)\n          (conv3): Conv2d(64, 256, kernel_size=(1, 1), stride=(1, 1), bias=False)\n          (bn3): BatchNorm2d(256, eps=1e-05, momentum=0.01, affine=True, track_running_stats=True)\n          (relu): ReLU(inplace=True)\n        )\n        (2): Bottleneck(\n          (conv1): Conv2d(256, 64, kernel_size=(1, 1), stride=(1, 1), bias=False)\n          (bn1): BatchNorm2d(64, eps=1e-05, momentum=0.01, affine=True, track_running_stats=True)\n          (conv2): Conv2d(64, 64, kernel_size=(3, 3), stride=(1, 1), padding=(1, 1), bias=False)\n          (bn2): BatchNorm2d(64, eps=1e-05, momentum=0.01, affine=True, track_running_stats=True)\n          (conv3): Conv2d(64, 256, kernel_size=(1, 1), stride=(1, 1), bias=False)\n          (bn3): BatchNorm2d(256, eps=1e-05, momentum=0.01, affine=True, track_running_stats=True)\n          (relu): ReLU(inplace=True)\n        )\n      )\n      (layer2): Sequential(\n        (0): Bottleneck(\n          (conv1): Conv2d(256, 128, kernel_size=(1, 1), stride=(1, 1), bias=False)\n          (bn1): BatchNorm2d(128, eps=1e-05, momentum=0.01, affine=True, track_running_stats=True)\n          (conv2): Conv2d(128, 128, kernel_size=(3, 3), stride=(2, 2), padding=(1, 1), bias=False)\n          (bn2): BatchNorm2d(128, eps=1e-05, momentum=0.01, affine=True, track_running_stats=True)\n          (conv3): Conv2d(128, 512, kernel_size=(1, 1), stride=(1, 1), bias=False)\n          (bn3): BatchNorm2d(512, eps=1e-05, momentum=0.01, affine=True, track_running_stats=True)\n          (relu): ReLU(inplace=True)\n          (downsample): Sequential(\n            (0): Conv2d(256, 512, kernel_size=(1, 1), stride=(2, 2), bias=False)\n            (1): BatchNorm2d(512, eps=1e-05, momentum=0.01, affine=True, track_running_stats=True)\n          )\n        )\n        (1): Bottleneck(\n          (conv1): Conv2d(512, 128, kernel_size=(1, 1), stride=(1, 1), bias=False)\n          (bn1): BatchNorm2d(128, eps=1e-05, momentum=0.01, affine=True, track_running_stats=True)\n          (conv2): Conv2d(128, 128, kernel_size=(3, 3), stride=(1, 1), padding=(1, 1), bias=False)\n          (bn2): BatchNorm2d(128, eps=1e-05, momentum=0.01, affine=True, track_running_stats=True)\n          (conv3): Conv2d(128, 512, kernel_size=(1, 1), stride=(1, 1), bias=False)\n          (bn3): BatchNorm2d(512, eps=1e-05, momentum=0.01, affine=True, track_running_stats=True)\n          (relu): ReLU(inplace=True)\n        )\n        (2): Bottleneck(\n          (conv1): Conv2d(512, 128, kernel_size=(1, 1), stride=(1, 1), bias=False)\n          (bn1): BatchNorm2d(128, eps=1e-05, momentum=0.01, affine=True, track_running_stats=True)\n          (conv2): Conv2d(128, 128, kernel_size=(3, 3), stride=(1, 1), padding=(1, 1), bias=False)\n          (bn2): BatchNorm2d(128, eps=1e-05, momentum=0.01, affine=True, track_running_stats=True)\n          (conv3): Conv2d(128, 512, kernel_size=(1, 1), stride=(1, 1), bias=False)\n          (bn3): BatchNorm2d(512, eps=1e-05, momentum=0.01, affine=True, track_running_stats=True)\n          (relu): ReLU(inplace=True)\n        )\n        (3): Bottleneck(\n          (conv1): Conv2d(512, 128, kernel_size=(1, 1), stride=(1, 1), bias=False)\n          (bn1): BatchNorm2d(128, eps=1e-05, momentum=0.01, affine=True, track_running_stats=True)\n          (conv2): Conv2d(128, 128, kernel_size=(3, 3), stride=(1, 1), padding=(1, 1), bias=False)\n          (bn2): BatchNorm2d(128, eps=1e-05, momentum=0.01, affine=True, track_running_stats=True)\n          (conv3): Conv2d(128, 512, kernel_size=(1, 1), stride=(1, 1), bias=False)\n          (bn3): BatchNorm2d(512, eps=1e-05, momentum=0.01, affine=True, track_running_stats=True)\n          (relu): ReLU(inplace=True)\n        )\n      )\n      (layer3): Sequential(\n        (0): Bottleneck(\n          (conv1): Conv2d(512, 256, kernel_size=(1, 1), stride=(1, 1), bias=False)\n          (bn1): BatchNorm2d(256, eps=1e-05, momentum=0.01, affine=True, track_running_stats=True)\n          (conv2): Conv2d(256, 256, kernel_size=(3, 3), stride=(2, 2), padding=(1, 1), bias=False)\n          (bn2): BatchNorm2d(256, eps=1e-05, momentum=0.01, affine=True, track_running_stats=True)\n          (conv3): Conv2d(256, 1024, kernel_size=(1, 1), stride=(1, 1), bias=False)\n          (bn3): BatchNorm2d(1024, eps=1e-05, momentum=0.01, affine=True, track_running_stats=True)\n          (relu): ReLU(inplace=True)\n          (downsample): Sequential(\n            (0): Conv2d(512, 1024, kernel_size=(1, 1), stride=(2, 2), bias=False)\n            (1): BatchNorm2d(1024, eps=1e-05, momentum=0.01, affine=True, track_running_stats=True)\n          )\n        )\n        (1): Bottleneck(\n          (conv1): Conv2d(1024, 256, kernel_size=(1, 1), stride=(1, 1), bias=False)\n          (bn1): BatchNorm2d(256, eps=1e-05, momentum=0.01, affine=True, track_running_stats=True)\n          (conv2): Conv2d(256, 256, kernel_size=(3, 3), stride=(1, 1), padding=(1, 1), bias=False)\n          (bn2): BatchNorm2d(256, eps=1e-05, momentum=0.01, affine=True, track_running_stats=True)\n          (conv3): Conv2d(256, 1024, kernel_size=(1, 1), stride=(1, 1), bias=False)\n          (bn3): BatchNorm2d(1024, eps=1e-05, momentum=0.01, affine=True, track_running_stats=True)\n          (relu): ReLU(inplace=True)\n        )\n        (2): Bottleneck(\n          (conv1): Conv2d(1024, 256, kernel_size=(1, 1), stride=(1, 1), bias=False)\n          (bn1): BatchNorm2d(256, eps=1e-05, momentum=0.01, affine=True, track_running_stats=True)\n          (conv2): Conv2d(256, 256, kernel_size=(3, 3), stride=(1, 1), padding=(1, 1), bias=False)\n          (bn2): BatchNorm2d(256, eps=1e-05, momentum=0.01, affine=True, track_running_stats=True)\n          (conv3): Conv2d(256, 1024, kernel_size=(1, 1), stride=(1, 1), bias=False)\n          (bn3): BatchNorm2d(1024, eps=1e-05, momentum=0.01, affine=True, track_running_stats=True)\n          (relu): ReLU(inplace=True)\n        )\n        (3): Bottleneck(\n          (conv1): Conv2d(1024, 256, kernel_size=(1, 1), stride=(1, 1), bias=False)\n          (bn1): BatchNorm2d(256, eps=1e-05, momentum=0.01, affine=True, track_running_stats=True)\n          (conv2): Conv2d(256, 256, kernel_size=(3, 3), stride=(1, 1), padding=(1, 1), bias=False)\n          (bn2): BatchNorm2d(256, eps=1e-05, momentum=0.01, affine=True, track_running_stats=True)\n          (conv3): Conv2d(256, 1024, kernel_size=(1, 1), stride=(1, 1), bias=False)\n          (bn3): BatchNorm2d(1024, eps=1e-05, momentum=0.01, affine=True, track_running_stats=True)\n          (relu): ReLU(inplace=True)\n        )\n        (4): Bottleneck(\n          (conv1): Conv2d(1024, 256, kernel_size=(1, 1), stride=(1, 1), bias=False)\n          (bn1): BatchNorm2d(256, eps=1e-05, momentum=0.01, affine=True, track_running_stats=True)\n          (conv2): Conv2d(256, 256, kernel_size=(3, 3), stride=(1, 1), padding=(1, 1), bias=False)\n          (bn2): BatchNorm2d(256, eps=1e-05, momentum=0.01, affine=True, track_running_stats=True)\n          (conv3): Conv2d(256, 1024, kernel_size=(1, 1), stride=(1, 1), bias=False)\n          (bn3): BatchNorm2d(1024, eps=1e-05, momentum=0.01, affine=True, track_running_stats=True)\n          (relu): ReLU(inplace=True)\n        )\n        (5): Bottleneck(\n          (conv1): Conv2d(1024, 256, kernel_size=(1, 1), stride=(1, 1), bias=False)\n          (bn1): BatchNorm2d(256, eps=1e-05, momentum=0.01, affine=True, track_running_stats=True)\n          (conv2): Conv2d(256, 256, kernel_size=(3, 3), stride=(1, 1), padding=(1, 1), bias=False)\n          (bn2): BatchNorm2d(256, eps=1e-05, momentum=0.01, affine=True, track_running_stats=True)\n          (conv3): Conv2d(256, 1024, kernel_size=(1, 1), stride=(1, 1), bias=False)\n          (bn3): BatchNorm2d(1024, eps=1e-05, momentum=0.01, affine=True, track_running_stats=True)\n          (relu): ReLU(inplace=True)\n        )\n      )\n      (layer4): Sequential(\n        (0): Bottleneck(\n          (conv1): Conv2d(1024, 512, kernel_size=(1, 1), stride=(1, 1), bias=False)\n          (bn1): BatchNorm2d(512, eps=1e-05, momentum=0.01, affine=True, track_running_stats=True)\n          (conv2): Conv2d(512, 512, kernel_size=(3, 3), stride=(1, 1), padding=(1, 1), bias=False)\n          (bn2): BatchNorm2d(512, eps=1e-05, momentum=0.01, affine=True, track_running_stats=True)\n          (conv3): Conv2d(512, 2048, kernel_size=(1, 1), stride=(1, 1), bias=False)\n          (bn3): BatchNorm2d(2048, eps=1e-05, momentum=0.01, affine=True, track_running_stats=True)\n          (relu): ReLU(inplace=True)\n          (downsample): Sequential(\n            (0): Conv2d(1024, 2048, kernel_size=(1, 1), stride=(1, 1), bias=False)\n            (1): BatchNorm2d(2048, eps=1e-05, momentum=0.01, affine=True, track_running_stats=True)\n          )\n        )\n        (1): Bottleneck(\n          (conv1): Conv2d(2048, 512, kernel_size=(1, 1), stride=(1, 1), bias=False)\n          (bn1): BatchNorm2d(512, eps=1e-05, momentum=0.01, affine=True, track_running_stats=True)\n          (conv2): Conv2d(512, 512, kernel_size=(3, 3), stride=(1, 1), padding=(2, 2), dilation=(2, 2), bias=False)\n          (bn2): BatchNorm2d(512, eps=1e-05, momentum=0.01, affine=True, track_running_stats=True)\n          (conv3): Conv2d(512, 2048, kernel_size=(1, 1), stride=(1, 1), bias=False)\n          (bn3): BatchNorm2d(2048, eps=1e-05, momentum=0.01, affine=True, track_running_stats=True)\n          (relu): ReLU(inplace=True)\n        )\n        (2): Bottleneck(\n          (conv1): Conv2d(2048, 512, kernel_size=(1, 1), stride=(1, 1), bias=False)\n          (bn1): BatchNorm2d(512, eps=1e-05, momentum=0.01, affine=True, track_running_stats=True)\n          (conv2): Conv2d(512, 512, kernel_size=(3, 3), stride=(1, 1), padding=(2, 2), dilation=(2, 2), bias=False)\n          (bn2): BatchNorm2d(512, eps=1e-05, momentum=0.01, affine=True, track_running_stats=True)\n          (conv3): Conv2d(512, 2048, kernel_size=(1, 1), stride=(1, 1), bias=False)\n          (bn3): BatchNorm2d(2048, eps=1e-05, momentum=0.01, affine=True, track_running_stats=True)\n          (relu): ReLU(inplace=True)\n        )\n      )\n    )\n    (classifier): DeepLabHead(\n      (classifier): Sequential(\n        (0): ASPP(\n          (convs): ModuleList(\n            (0): Sequential(\n              (0): Conv2d(2048, 256, kernel_size=(1, 1), stride=(1, 1), bias=False)\n              (1): BatchNorm2d(256, eps=1e-05, momentum=0.1, affine=True, track_running_stats=True)\n              (2): ReLU()\n            )\n            (1): ASPPConv(\n              (0): Conv2d(2048, 256, kernel_size=(3, 3), stride=(1, 1), padding=(6, 6), dilation=(6, 6), bias=False)\n              (1): BatchNorm2d(256, eps=1e-05, momentum=0.1, affine=True, track_running_stats=True)\n              (2): ReLU()\n            )\n            (2): ASPPConv(\n              (0): Conv2d(2048, 256, kernel_size=(3, 3), stride=(1, 1), padding=(12, 12), dilation=(12, 12), bias=False)\n              (1): BatchNorm2d(256, eps=1e-05, momentum=0.1, affine=True, track_running_stats=True)\n              (2): ReLU()\n            )\n            (3): ASPPConv(\n              (0): Conv2d(2048, 256, kernel_size=(3, 3), stride=(1, 1), padding=(18, 18), dilation=(18, 18), bias=False)\n              (1): BatchNorm2d(256, eps=1e-05, momentum=0.1, affine=True, track_running_stats=True)\n              (2): ReLU()\n            )\n            (4): ASPPPooling(\n              (0): AdaptiveAvgPool2d(output_size=1)\n              (1): Conv2d(2048, 256, kernel_size=(1, 1), stride=(1, 1), bias=False)\n              (2): BatchNorm2d(256, eps=1e-05, momentum=0.1, affine=True, track_running_stats=True)\n              (3): ReLU()\n            )\n          )\n          (project): Sequential(\n            (0): Conv2d(1280, 256, kernel_size=(1, 1), stride=(1, 1), bias=False)\n            (1): BatchNorm2d(256, eps=1e-05, momentum=0.1, affine=True, track_running_stats=True)\n            (2): ReLU()\n            (3): Dropout(p=0.5, inplace=False)\n          )\n        )\n        (1): Conv2d(256, 256, kernel_size=(3, 3), stride=(1, 1), padding=(1, 1), bias=False)\n        (2): BatchNorm2d(256, eps=1e-05, momentum=0.1, affine=True, track_running_stats=True)\n        (3): ReLU(inplace=True)\n        (4): Conv2d(256, 2, kernel_size=(1, 1), stride=(1, 1))\n      )\n    )\n  )\n)","local_timestamp":1679823998066},"type":"ws_msg"}
{"payload":{"local_timestamp":1679823998084,"stderr":false,"stdout":"\rTraining: 0it [00:00, ?it/s]"},"type":"ws_msg"}
{"payload":{"local_timestamp":1679823998084,"stderr":false,"stdout":"\rTraining:   0%|                                                                                                     | 0/4 [00:00<?, ?it/s]"},"type":"ws_msg"}
{"payload":{"local_timestamp":1679823998085,"stderr":false,"stdout":"\rEpoch 0:   0%|                                                                                                      | 0/4 [00:00<?, ?it/s]"},"type":"ws_msg"}
{"payload":{"local_timestamp":1679824000256,"stderr":true,"stdout":"COMET INFO: ---------------------------------------------------------------------------------------\n"},"type":"ws_msg"}
{"payload":{"local_timestamp":1679824000256,"stderr":true,"stdout":"COMET INFO: Comet.ml Experiment Summary\n"},"type":"ws_msg"}
{"payload":{"local_timestamp":1679824000256,"stderr":true,"stdout":"COMET INFO: ---------------------------------------------------------------------------------------\n"},"type":"ws_msg"}
{"payload":{"local_timestamp":1679824000256,"stderr":true,"stdout":"COMET INFO:   Data:\n"},"type":"ws_msg"}
{"payload":{"local_timestamp":1679824000256,"stderr":true,"stdout":"COMET INFO:     display_summary_level : 1\n"},"type":"ws_msg"}
{"payload":{"local_timestamp":1679824000256,"stderr":true,"stdout":"COMET INFO:     url                   : https://www.comet.com/catherine-m-breen/snowpoles-test/c4659171cd3247248806327b02f1ae3d\n"},"type":"ws_msg"}
{"payload":{"local_timestamp":1679824000256,"stderr":true,"stdout":"COMET INFO:   Others:\n"},"type":"ws_msg"}
{"payload":{"local_timestamp":1679824000256,"stderr":true,"stdout":"COMET INFO:     Created from : pytorch-lightning\n"},"type":"ws_msg"}
{"payload":{"local_timestamp":1679824000257,"stderr":true,"stdout":"COMET INFO:     Name         : Plain_snowpole_plain_030923_0\n"},"type":"ws_msg"}
{"payload":{"local_timestamp":1679824000257,"stderr":true,"stdout":"COMET INFO:   Parameters:\n"},"type":"ws_msg"}
{"payload":{"local_timestamp":1679824000257,"stderr":true,"stdout":"COMET INFO:     algorithm               : Plain\n"},"type":"ws_msg"}
{"payload":{"local_timestamp":1679824000257,"stderr":true,"stdout":"COMET INFO:     batch_size              : 2\n"},"type":"ws_msg"}
{"payload":{"local_timestamp":1679824000257,"stderr":true,"stdout":"COMET INFO:     comet_api               : crD0w5pAk59gNUJ88yfNuMo5F\n"},"type":"ws_msg"}
{"payload":{"local_timestamp":1679824000257,"stderr":true,"stdout":"COMET INFO:     conf_id                 : snowpole_plain_030923\n"},"type":"ws_msg"}
{"payload":{"local_timestamp":1679824000258,"stderr":true,"stdout":"COMET INFO:     dataset_name            : SNOWPOLES\n"},"type":"ws_msg"}
{"payload":{"local_timestamp":1679824000258,"stderr":true,"stdout":"COMET INFO:     dataset_root            : /Users/catherinebreen/Documents/Chapter 1/segmentationModel/sample/\n"},"type":"ws_msg"}
{"payload":{"local_timestamp":1679824000258,"stderr":true,"stdout":"COMET INFO:     gamma                   : 0.1\n"},"type":"ws_msg"}
{"payload":{"local_timestamp":1679824000258,"stderr":true,"stdout":"COMET INFO:     log_interval            : 2\n"},"type":"ws_msg"}
{"payload":{"local_timestamp":1679824000258,"stderr":true,"stdout":"COMET INFO:     lr_classifier           : 0.01\n"},"type":"ws_msg"}
{"payload":{"local_timestamp":1679824000258,"stderr":true,"stdout":"COMET INFO:     lr_feature              : 0.001\n"},"type":"ws_msg"}
{"payload":{"local_timestamp":1679824000258,"stderr":true,"stdout":"COMET INFO:     model_name              : DeepLabV3_ResNet50\n"},"type":"ws_msg"}
{"payload":{"local_timestamp":1679824000258,"stderr":true,"stdout":"COMET INFO:     momentum_classifier     : 0.9\n"},"type":"ws_msg"}
{"payload":{"local_timestamp":1679824000258,"stderr":true,"stdout":"COMET INFO:     momentum_feature        : 0.9\n"},"type":"ws_msg"}
{"payload":{"local_timestamp":1679824000259,"stderr":true,"stdout":"COMET INFO:     num_classes             : 2\n"},"type":"ws_msg"}
{"payload":{"local_timestamp":1679824000259,"stderr":true,"stdout":"COMET INFO:     num_iters               : 100\n"},"type":"ws_msg"}
{"payload":{"local_timestamp":1679824000259,"stderr":true,"stdout":"COMET INFO:     num_layers              : 50\n"},"type":"ws_msg"}
{"payload":{"local_timestamp":1679824000259,"stderr":true,"stdout":"COMET INFO:     num_workers             : 3\n"},"type":"ws_msg"}
{"payload":{"local_timestamp":1679824000259,"stderr":true,"stdout":"COMET INFO:     output_stride           : 16\n"},"type":"ws_msg"}
{"payload":{"local_timestamp":1679824000259,"stderr":true,"stdout":"COMET INFO:     parallel                : 0\n"},"type":"ws_msg"}
{"payload":{"local_timestamp":1679824000259,"stderr":true,"stdout":"COMET INFO:     step_size               : 10000\n"},"type":"ws_msg"}
{"payload":{"local_timestamp":1679824000259,"stderr":true,"stdout":"COMET INFO:     weight_decay_classifier : 0.0004\n"},"type":"ws_msg"}
{"payload":{"local_timestamp":1679824000259,"stderr":true,"stdout":"COMET INFO:     weight_decay_feature    : 0.0004\n"},"type":"ws_msg"}
{"payload":{"local_timestamp":1679824000259,"stderr":true,"stdout":"COMET INFO:     weights_init            : ImageNet\n"},"type":"ws_msg"}
{"payload":{"local_timestamp":1679824000259,"stderr":true,"stdout":"COMET INFO:   Uploads:\n"},"type":"ws_msg"}
{"payload":{"local_timestamp":1679824000260,"stderr":true,"stdout":"COMET INFO:     conda-environment-definition : 1\n"},"type":"ws_msg"}
{"payload":{"local_timestamp":1679824000260,"stderr":true,"stdout":"COMET INFO:     conda-info                   : 1\n"},"type":"ws_msg"}
{"payload":{"local_timestamp":1679824000260,"stderr":true,"stdout":"COMET INFO:     conda-specification          : 1\n"},"type":"ws_msg"}
{"payload":{"local_timestamp":1679824000260,"stderr":true,"stdout":"COMET INFO:     environment details          : 1\n"},"type":"ws_msg"}
{"payload":{"local_timestamp":1679824000260,"stderr":true,"stdout":"COMET INFO:     filename                     : 1\n"},"type":"ws_msg"}
{"payload":{"local_timestamp":1679824000260,"stderr":true,"stdout":"COMET INFO:     git metadata                 : 1\n"},"type":"ws_msg"}
{"payload":{"local_timestamp":1679824000260,"stderr":true,"stdout":"COMET INFO:     git-patch (uncompressed)     : 1 (7.86 KB)\n"},"type":"ws_msg"}
{"payload":{"local_timestamp":1679824000260,"stderr":true,"stdout":"COMET INFO:     installed packages           : 1\n"},"type":"ws_msg"}
{"payload":{"local_timestamp":1679824000260,"stderr":true,"stdout":"COMET INFO:     model graph                  : 1\n"},"type":"ws_msg"}
{"payload":{"local_timestamp":1679824000260,"stderr":true,"stdout":"COMET INFO:     source_code                  : 2 (9.20 KB)\n"},"type":"ws_msg"}
{"payload":{"local_timestamp":1679824000260,"stderr":true,"stdout":"COMET INFO: \n"},"type":"ws_msg"}
{"payload":{"local_timestamp":1679824010973,"stderr":true,"stdout":"COMET ERROR: Error sending a notification, make sure you have opted-in for notifications\n"},"type":"ws_msg"}
{"payload":{"local_timestamp":1679824010974,"stderr":true,"stdout":"COMET WARNING: Comet has disabled auto-logging functionality as it has been imported after the following ML modules: torch. Metrics and hyperparameters can still be logged using Experiment.log_metrics() and Experiment.log_parameters()\n"},"type":"ws_msg"}
{"payload":{"local_timestamp":1679824010974,"log_other":{"key":"sys.already_imported_modules","val":"[\"torch\"]"}},"type":"ws_msg"}
